Name,Inclusion,Exclusions,Email
Kirk,,,nwmartin42+Kirk@gmail.com
Spock,,,nwmartin42+Spock@gmail.com
McCoy,,,nwmartin42+McCoy@gmail.com
Picard,,,nmartin42+Picard@gmail.com=
Sarek,,,nwmartin42+Sarek@gmail.com
Riker,,,nwmartin42+Riker@gmail.com
Crusher,,,nwmartin42+Crusher@gmail.com
Worf,,,nwmartin42+Worf@gmail.com
